,batsman,season,dismisal,batsman_runs,balls_played,strike_rate,bat_avg
0,A Ashish Reddy,2012,4,35,29,120.6896551724138,8.75
1,A Ashish Reddy,2013,6,125,89,140.4494382022472,20.833333333333332
2,A Ashish Reddy,2015,3,73,46,158.69565217391303,24.333333333333332
3,A Ashish Reddy,2016,2,47,29,162.06896551724137,23.5
4,A Mishra,2008,3,37,42,88.09523809523809,12.333333333333334
5,A Mishra,2009,2,26,20,130.0,13.0
6,A Mishra,2010,4,39,50,78.0,9.75
7,A Mishra,2011,4,68,49,138.77551020408163,17.0
8,A Mishra,2012,3,16,20,80.0,5.333333333333333
9,A Mishra,2013,6,89,95,93.6842105263158,14.833333333333334
10,A Mishra,2014,1,4,7,57.14285714285714,4.0
11,A Mishra,2015,2,8,12,66.66666666666666,4.0
12,A Mishra,2016,2,4,14,28.57142857142857,2.0
13,A Mishra,2017,1,49,52,94.23076923076923,49.0
14,A Mishra,2019,2,27,24,112.5,13.5
15,A Symonds,2008,2,161,104,154.80769230769232,80.5
16,A Symonds,2009,7,249,163,152.76073619631902,35.57142857142857
17,A Symonds,2010,14,429,340,126.17647058823529,30.642857142857142
18,A Symonds,2011,4,135,138,97.82608695652173,33.75
19,AB de Villiers,2008,5,95,98,96.93877551020408,19.0
20,AB de Villiers,2009,9,465,354,131.35593220338984,51.666666666666664
21,AB de Villiers,2010,7,111,119,93.27731092436974,15.857142857142858
22,AB de Villiers,2011,9,312,242,128.92561983471074,34.666666666666664
23,AB de Villiers,2012,8,319,197,161.9289340101523,39.875
24,AB de Villiers,2013,10,360,219,164.3835616438356,36.0
25,AB de Villiers,2014,11,395,248,159.2741935483871,35.90909090909091
26,AB de Villiers,2015,11,513,291,176.28865979381442,46.63636363636363
27,AB de Villiers,2016,13,687,405,169.62962962962962,52.84615384615385
28,AB de Villiers,2017,8,216,163,132.51533742331287,27.0
29,AB de Villiers,2018,9,488,276,176.81159420289856,54.22222222222222
30,AB de Villiers,2019,10,454,287,158.18815331010455,45.4
31,AC Gilchrist,2008,13,436,314,138.85350318471336,33.53846153846154
32,AC Gilchrist,2009,16,495,322,153.72670807453417,30.9375
33,AC Gilchrist,2010,16,289,185,156.21621621621622,18.0625
34,AC Gilchrist,2011,14,383,291,131.6151202749141,27.357142857142858
35,AC Gilchrist,2012,5,172,142,121.12676056338027,34.4
36,AC Gilchrist,2013,12,294,229,128.38427947598254,24.5
37,AD Mathews,2009,1,16,13,123.07692307692308,16.0
38,AD Mathews,2010,7,233,183,127.32240437158471,33.285714285714285
39,AD Mathews,2012,7,127,108,117.59259259259258,18.142857142857142
40,AD Mathews,2013,7,172,139,123.74100719424462,24.571428571428573
41,AD Mathews,2015,7,144,103,139.80582524271844,20.571428571428573
42,AD Mathews,2017,2,32,27,118.5185185185185,16.0
43,AD Russell,2012,2,47,26,180.76923076923077,23.5
44,AD Russell,2013,2,11,14,78.57142857142857,5.5
45,AD Russell,2014,2,2,8,25.0,1.0
46,AD Russell,2015,9,326,169,192.89940828402368,36.22222222222222
47,AD Russell,2016,7,188,114,164.91228070175438,26.857142857142858
48,AD Russell,2018,11,326,170,191.76470588235296,29.636363636363637
49,AD Russell,2019,9,545,249,218.87550200803213,60.55555555555556
50,AJ Finch,2010,1,21,21,100.0,21.0
51,AJ Finch,2011,6,47,46,102.17391304347827,7.833333333333333
52,AJ Finch,2012,2,55,51,107.84313725490196,27.5
53,AJ Finch,2013,14,456,335,136.11940298507463,32.57142857142857
54,AJ Finch,2014,11,309,261,118.39080459770115,28.09090909090909
55,AJ Finch,2015,3,23,33,69.6969696969697,7.666666666666667
56,AJ Finch,2016,10,393,297,132.32323232323233,39.3
57,AJ Finch,2017,12,299,179,167.0391061452514,24.916666666666668
58,AJ Finch,2018,8,140,100,140.0,17.5
59,AL Menaria,2011,9,180,152,118.42105263157893,20.0
60,AL Menaria,2012,11,220,200,110.00000000000001,20.0
61,AL Menaria,2013,1,1,2,50.0,1.0
62,AM Nayar,2008,8,206,137,150.36496350364962,25.75
63,AM Nayar,2009,9,193,151,127.81456953642385,21.444444444444443
64,AM Nayar,2010,2,58,51,113.72549019607843,29.0
65,AM Nayar,2011,7,61,66,92.42424242424242,8.714285714285714
66,AM Nayar,2012,2,45,49,91.83673469387756,22.5
67,AM Nayar,2013,6,66,73,90.41095890410958,11.0
68,AM Nayar,2014,3,43,46,93.47826086956522,14.333333333333334
69,AM Rahane,2008,2,4,17,23.52941176470588,2.0
70,AM Rahane,2009,6,144,121,119.00826446280992,24.0
71,AM Rahane,2011,6,120,98,122.44897959183673,20.0
72,AM Rahane,2012,14,560,433,129.33025404157044,40.0
73,AM Rahane,2013,14,488,458,106.55021834061135,34.857142857142854
74,AM Rahane,2014,12,339,291,116.49484536082475,28.25
75,AM Rahane,2015,11,540,412,131.06796116504856,49.09090909090909
76,AM Rahane,2016,11,480,378,126.98412698412697,43.63636363636363
77,AM Rahane,2017,15,382,323,118.26625386996905,25.466666666666665
78,AM Rahane,2018,13,388,315,123.17460317460318,29.846153846153847
79,AM Rahane,2019,12,405,286,141.6083916083916,33.75
80,AP Tare,2010,4,50,36,138.88888888888889,12.5
81,AP Tare,2013,5,123,84,146.42857142857142,24.6
82,AP Tare,2014,8,126,97,129.89690721649484,15.75
83,AP Tare,2015,2,14,17,82.35294117647058,7.0
84,AP Tare,2016,2,8,15,53.333333333333336,4.0
85,AP Tare,2017,3,18,23,78.26086956521739,6.0
86,AR Patel,2014,6,62,60,103.33333333333334,10.333333333333334
87,AR Patel,2015,9,206,174,118.39080459770115,22.88888888888889
88,AR Patel,2016,7,111,77,144.15584415584414,15.857142857142858
89,AR Patel,2017,8,227,162,140.12345679012347,28.375
90,AR Patel,2018,6,86,69,124.63768115942028,14.333333333333334
91,AR Patel,2019,6,114,87,131.0344827586207,19.0
92,AS Yadav,2008,5,49,39,125.64102564102564,9.8
93,AS Yadav,2018,14,524,384,136.45833333333331,37.42857142857143
94,AS Yadav,2019,13,438,326,134.3558282208589,33.69230769230769
95,AT Rayudu,2010,13,356,244,145.9016393442623,27.384615384615383
96,AT Rayudu,2011,14,395,349,113.18051575931231,28.214285714285715
97,AT Rayudu,2012,9,333,252,132.14285714285714,37.0
98,AT Rayudu,2013,14,265,229,115.72052401746724,18.928571428571427
99,AT Rayudu,2014,14,361,286,126.22377622377623,25.785714285714285
100,AT Rayudu,2015,9,281,192,146.35416666666669,31.22222222222222
101,AT Rayudu,2016,11,334,277,120.57761732851986,30.363636363636363
102,AT Rayudu,2017,5,91,78,116.66666666666667,18.2
103,AT Rayudu,2018,14,615,401,153.36658354114715,43.92857142857143
104,AT Rayudu,2019,12,295,301,98.00664451827242,24.583333333333332
105,Azhar Mahmood,2012,8,186,142,130.98591549295776,23.25
106,Azhar Mahmood,2013,10,196,154,127.27272727272727,19.6
107,Azhar Mahmood,2015,1,6,7,85.71428571428571,6.0
108,B Chipli,2008,3,20,28,71.42857142857143,6.666666666666667
109,B Chipli,2011,8,207,170,121.76470588235293,25.875
110,B Chipli,2012,3,37,35,105.71428571428572,12.333333333333334
111,B Chipli,2013,1,16,17,94.11764705882352,16.0
112,B Kumar,2012,3,40,40,100.0,13.333333333333334
113,B Kumar,2013,7,52,71,73.23943661971832,7.428571428571429
114,B Kumar,2014,1,1,4,25.0,1.0
115,B Kumar,2015,1,17,10,170.0,17.0
116,B Kumar,2016,6,43,27,159.25925925925927,7.166666666666667
117,B Kumar,2017,1,4,4,100.0,4.0
118,B Kumar,2018,1,15,16,93.75,15.0
119,B Kumar,2019,3,17,19,89.47368421052632,5.666666666666667
120,BA Stokes,2017,10,316,221,142.98642533936652,31.6
121,BA Stokes,2018,12,203,160,126.875,16.916666666666668
122,BA Stokes,2019,6,128,97,131.95876288659792,21.333333333333332
123,BB McCullum,2008,3,188,91,206.59340659340663,62.666666666666664
124,BB McCullum,2009,12,285,235,121.27659574468086,23.75
125,BB McCullum,2010,4,114,109,104.58715596330275,28.5
126,BB McCullum,2011,13,357,272,131.25,27.46153846153846
127,BB McCullum,2012,12,289,283,102.12014134275617,24.083333333333332
128,BB McCullum,2013,1,6,7,85.71428571428571,6.0
129,BB McCullum,2014,13,405,333,121.62162162162163,31.153846153846153
130,BB McCullum,2015,13,436,276,157.97101449275362,33.53846153846154
131,BB McCullum,2016,16,354,262,135.1145038167939,22.125
132,BB McCullum,2017,11,319,217,147.00460829493088,29.0
133,BB McCullum,2018,6,138,87,158.6206896551724,23.0
134,BJ Hodge,2008,3,12,17,70.58823529411765,4.0
135,BJ Hodge,2009,9,365,309,118.12297734627832,40.55555555555556
136,BJ Hodge,2010,4,99,90,110.00000000000001,24.75
137,BJ Hodge,2011,8,285,234,121.79487179487178,35.625
138,BJ Hodge,2012,8,245,173,141.6184971098266,30.625
139,BJ Hodge,2013,7,293,217,135.02304147465438,41.857142857142854
140,BJ Hodge,2014,3,101,72,140.27777777777777,33.666666666666664
141,C de Grandhomme,2017,8,126,92,136.95652173913044,15.75
142,C de Grandhomme,2018,5,140,83,168.67469879518075,28.0
143,C de Grandhomme,2019,2,47,49,95.91836734693877,23.5
144,CA Lynn,2012,1,6,9,66.66666666666666,6.0
145,CA Lynn,2014,2,58,49,118.36734693877551,29.0
146,CA Lynn,2016,1,25,22,113.63636363636364,25.0
147,CA Lynn,2017,6,295,161,183.22981366459626,49.166666666666664
148,CA Lynn,2018,15,502,377,133.15649867374003,33.46666666666667
149,CA Lynn,2019,13,422,289,146.02076124567475,32.46153846153846
150,CA Pujara,2010,4,122,115,106.08695652173914,30.5
151,CA Pujara,2011,3,34,31,109.6774193548387,11.333333333333334
152,CA Pujara,2012,3,17,22,77.27272727272727,5.666666666666667
153,CA Pujara,2013,4,92,99,92.92929292929293,23.0
154,CA Pujara,2014,5,125,123,101.62601626016261,25.0
155,CH Gayle,2009,6,171,143,119.58041958041959,28.5
156,CH Gayle,2010,9,292,183,159.56284153005464,32.44444444444444
157,CH Gayle,2011,9,608,331,183.6858006042296,67.55555555555556
158,CH Gayle,2012,12,733,451,162.52771618625277,61.083333333333336
159,CH Gayle,2013,12,708,448,158.03571428571428,59.0
160,CH Gayle,2014,9,196,184,106.5217391304348,21.77777777777778
161,CH Gayle,2015,12,491,331,148.33836858006043,40.916666666666664
162,CH Gayle,2016,10,227,150,151.33333333333334,22.7
163,CH Gayle,2017,9,200,162,123.45679012345678,22.22222222222222
164,CH Gayle,2018,8,386,253,152.5691699604743,48.25
165,CH Gayle,2019,12,523,319,163.9498432601881,43.583333333333336
166,CH Morris,2013,2,14,16,87.5,7.0
167,CH Morris,2015,2,76,45,168.88888888888889,38.0
168,CH Morris,2016,3,195,109,178.89908256880733,65.0
169,CH Morris,2017,5,154,94,163.82978723404256,30.8
170,CH Morris,2018,1,47,26,180.76923076923077,47.0
171,CH Morris,2019,6,34,37,91.8918918918919,5.666666666666667
172,CJ Anderson,2014,9,265,181,146.40883977900552,29.444444444444443
173,CJ Anderson,2015,3,114,96,118.75,38.0
174,CJ Anderson,2017,7,142,122,116.39344262295081,20.285714285714285
175,CJ Anderson,2018,3,17,22,77.27272727272727,5.666666666666667
176,CL White,2008,6,114,100,113.99999999999999,19.0
177,CL White,2010,2,48,33,145.45454545454547,24.0
178,CL White,2011,4,104,109,95.41284403669725,26.0
179,CL White,2012,11,479,319,150.15673981191222,43.54545454545455
180,CL White,2013,12,209,191,109.42408376963351,17.416666666666668
181,DA Miller,2012,3,98,75,130.66666666666666,32.666666666666664
182,DA Miller,2013,7,418,253,165.2173913043478,59.714285714285715
183,DA Miller,2014,10,446,299,149.1638795986622,44.6
184,DA Miller,2015,11,357,266,134.21052631578948,32.45454545454545
185,DA Miller,2016,10,161,130,123.84615384615385,16.1
186,DA Miller,2017,3,83,78,106.41025641025641,27.666666666666668
187,DA Miller,2018,2,79,63,125.39682539682539,39.5
188,DA Miller,2019,8,233,165,141.21212121212122,29.125
189,DA Warner,2009,7,163,132,123.48484848484848,23.285714285714285
190,DA Warner,2010,10,282,189,149.20634920634922,28.2
191,DA Warner,2011,13,324,275,117.81818181818183,24.923076923076923
192,DA Warner,2012,7,256,155,165.16129032258064,36.57142857142857
193,DA Warner,2013,13,410,323,126.93498452012383,31.53846153846154
194,DA Warner,2014,11,528,371,142.31805929919136,48.0
195,DA Warner,2015,13,562,356,157.86516853932585,43.23076923076923
196,DA Warner,2016,14,848,558,151.97132616487454,60.57142857142857
197,DA Warner,2017,11,641,449,142.76169265033408,58.27272727272727
198,DA Warner,2019,10,727,481,151.14345114345113,72.7
199,DB Das,2008,6,103,94,109.57446808510637,17.166666666666668
200,DB Das,2012,3,126,92,136.95652173913044,42.0
201,DB Das,2013,5,75,74,101.35135135135135,15.0
202,DB Ravi Teja,2008,6,109,81,134.5679012345679,18.166666666666668
203,DB Ravi Teja,2009,3,65,70,92.85714285714286,21.666666666666668
204,DB Ravi Teja,2011,7,183,143,127.97202797202797,26.142857142857142
205,DB Ravi Teja,2012,2,4,4,100.0,2.0
206,DB Ravi Teja,2013,1,14,17,82.35294117647058,14.0
207,DJ Bravo,2008,6,178,131,135.87786259541986,29.666666666666668
208,DJ Bravo,2009,8,218,201,108.45771144278606,27.25
209,DJ Bravo,2010,7,61,53,115.09433962264151,8.714285714285714
210,DJ Bravo,2011,1,11,6,183.33333333333331,11.0
211,DJ Bravo,2012,8,371,262,141.6030534351145,46.375
212,DJ Bravo,2013,8,121,106,114.15094339622642,15.125
213,DJ Bravo,2015,9,195,148,131.75675675675674,21.666666666666668
214,DJ Bravo,2016,8,99,82,120.73170731707317,12.375
215,DJ Bravo,2018,4,146,90,162.22222222222223,36.5
216,DJ Bravo,2019,5,90,66,136.36363636363635,18.0
217,DJ Hooda,2015,9,151,95,158.94736842105263,16.77777777777778
218,DJ Hooda,2016,14,144,119,121.00840336134453,10.285714285714286
219,DJ Hooda,2017,3,78,52,150.0,26.0
220,DJ Hooda,2018,4,93,81,114.81481481481481,23.25
221,DJ Hooda,2019,5,69,64,107.8125,13.8
222,DJ Hussey,2008,11,319,258,123.64341085271317,29.0
223,DJ Hussey,2009,4,98,57,171.9298245614035,24.5
224,DJ Hussey,2010,4,94,85,110.58823529411765,23.5
225,DJ Hussey,2011,6,64,63,101.58730158730158,10.666666666666666
226,DJ Hussey,2012,10,396,305,129.8360655737705,39.6
227,DJ Hussey,2013,10,235,208,112.98076923076923,23.5
228,DJ Hussey,2014,2,116,94,123.40425531914893,58.0
229,DPMD Jayawardene,2008,7,179,131,136.64122137404578,25.571428571428573
230,DPMD Jayawardene,2009,6,219,165,132.72727272727275,36.5
231,DPMD Jayawardene,2010,10,439,297,147.8114478114478,43.9
232,DPMD Jayawardene,2011,13,299,257,116.34241245136188,23.0
233,DPMD Jayawardene,2012,12,335,298,112.41610738255035,27.916666666666668
234,DPMD Jayawardene,2013,15,331,312,106.08974358974359,22.066666666666666
235,DR Smith,2008,3,45,40,112.5,15.0
236,DR Smith,2009,8,215,131,164.12213740458014,26.875
237,DR Smith,2010,2,22,25,88.0,11.0
238,DR Smith,2012,4,157,97,161.8556701030928,39.25
239,DR Smith,2013,13,418,340,122.94117647058825,32.15384615384615
240,DR Smith,2014,16,566,415,136.3855421686747,35.375
241,DR Smith,2015,16,399,331,120.54380664652568,24.9375
242,DR Smith,2016,11,324,220,147.27272727272725,29.454545454545453
243,DR Smith,2017,11,239,156,153.2051282051282,21.727272727272727
244,DT Christian,2011,11,190,157,121.01910828025477,17.272727272727273
245,DT Christian,2012,5,145,118,122.88135593220339,29.0
246,DT Christian,2013,2,6,15,40.0,3.0
247,DT Christian,2017,5,79,49,161.22448979591837,15.8
248,DT Christian,2018,2,28,32,87.5,14.0
249,DW Steyn,2008,1,2,5,40.0,2.0
250,DW Steyn,2009,1,0,3,0.0,0.0
251,DW Steyn,2010,4,13,17,76.47058823529412,3.25
252,DW Steyn,2011,4,36,35,102.85714285714285,9.0
253,DW Steyn,2012,5,19,21,90.47619047619048,3.8
254,DW Steyn,2013,2,53,36,147.22222222222223,26.5
255,DW Steyn,2014,3,22,26,84.61538461538461,7.333333333333333
256,DW Steyn,2015,1,20,13,153.84615384615387,20.0
257,DW Steyn,2016,1,1,2,50.0,1.0
258,EJG Morgan,2010,3,35,30,116.66666666666667,11.666666666666666
259,EJG Morgan,2011,9,137,117,117.0940170940171,15.222222222222221
260,EJG Morgan,2013,11,307,240,127.91666666666666,27.90909090909091
261,EJG Morgan,2015,8,187,151,123.84105960264901,23.375
262,EJG Morgan,2016,5,123,105,117.14285714285715,24.6
263,EJG Morgan,2017,4,65,62,104.83870967741935,16.25
264,F du Plessis,2012,12,398,303,131.35313531353134,33.166666666666664
265,F du Plessis,2014,11,303,235,128.93617021276594,27.545454545454547
266,F du Plessis,2015,13,380,304,125.0,29.23076923076923
267,F du Plessis,2016,6,206,162,127.16049382716051,34.333333333333336
268,F du Plessis,2017,1,8,7,114.28571428571428,8.0
269,F du Plessis,2018,5,167,128,130.46875,33.4
270,F du Plessis,2019,11,412,321,128.34890965732086,37.45454545454545
271,G Gambhir,2008,13,534,378,141.26984126984127,41.07692307692308
272,G Gambhir,2009,13,286,276,103.6231884057971,22.0
273,G Gambhir,2010,9,277,217,127.64976958525345,30.77777777777778
274,G Gambhir,2011,11,378,314,120.38216560509554,34.36363636363637
275,G Gambhir,2012,16,590,411,143.5523114355231,36.875
276,G Gambhir,2013,16,406,342,118.71345029239765,25.375
277,G Gambhir,2014,15,335,290,115.51724137931035,22.333333333333332
278,G Gambhir,2015,13,327,278,117.62589928057554,25.153846153846153
279,G Gambhir,2016,13,501,411,121.8978102189781,38.53846153846154
280,G Gambhir,2017,12,498,389,128.02056555269922,41.5
281,G Gambhir,2018,4,91,88,103.40909090909092,22.75
282,GC Smith,2008,9,441,361,122.16066481994461,49.0
283,GC Smith,2009,11,212,213,99.53051643192488,19.272727272727273
284,GC Smith,2010,2,44,39,112.82051282051282,22.0
285,GC Smith,2011,4,42,51,82.35294117647058,10.5
286,GH Vihari,2013,14,241,277,87.00361010830325,17.214285714285715
287,GH Vihari,2015,4,39,34,114.70588235294117,9.75
288,GJ Bailey,2009,2,45,39,115.38461538461537,22.5
289,GJ Bailey,2010,1,18,27,66.66666666666666,18.0
290,GJ Bailey,2014,9,257,188,136.70212765957444,28.555555555555557
291,GJ Bailey,2015,11,259,190,136.31578947368422,23.545454545454547
292,GJ Bailey,2016,4,84,97,86.5979381443299,21.0
293,GJ Maxwell,2012,1,6,11,54.54545454545454,6.0
294,GJ Maxwell,2013,2,36,27,133.33333333333331,18.0
295,GJ Maxwell,2014,16,552,291,189.69072164948452,34.5
296,GJ Maxwell,2015,11,145,112,129.46428571428572,13.181818181818182
297,GJ Maxwell,2016,9,179,124,144.35483870967744,19.88888888888889
298,GJ Maxwell,2017,10,310,178,174.1573033707865,31.0
299,GJ Maxwell,2018,12,174,120,145.0,14.5
300,Gurkeerat Singh,2012,3,86,52,165.3846153846154,28.666666666666668
301,Gurkeerat Singh,2013,8,108,95,113.68421052631578,13.5
302,Gurkeerat Singh,2015,5,35,39,89.74358974358975,7.0
303,Gurkeerat Singh,2016,5,113,86,131.3953488372093,22.6
304,Gurkeerat Singh,2019,3,104,70,148.57142857142858,34.666666666666664
305,HH Gibbs,2008,9,167,153,109.15032679738562,18.555555555555557
306,HH Gibbs,2009,11,371,330,112.42424242424242,33.72727272727273
307,HH Gibbs,2010,10,267,234,114.1025641025641,26.7
308,HH Gibbs,2012,2,81,88,92.04545454545455,40.5
309,HH Pandya,2015,5,112,60,186.66666666666666,22.4
310,HH Pandya,2016,7,44,63,69.84126984126983,6.285714285714286
311,HH Pandya,2017,7,250,159,157.23270440251574,35.714285714285715
312,HH Pandya,2018,9,279,195,143.07692307692307,31.0
313,HH Pandya,2019,9,433,211,205.21327014218008,48.111111111111114
314,Harbhajan Singh,2008,2,30,17,176.47058823529412,15.0
315,Harbhajan Singh,2009,8,84,53,158.49056603773585,10.5
316,Harbhajan Singh,2010,5,105,60,175.0,21.0
317,Harbhajan Singh,2011,3,103,71,145.07042253521126,34.333333333333336
318,Harbhajan Singh,2012,9,108,80,135.0,12.0
319,Harbhajan Singh,2013,6,116,79,146.8354430379747,19.333333333333332
320,Harbhajan Singh,2014,6,28,25,112.00000000000001,4.666666666666667
321,Harbhajan Singh,2015,7,117,72,162.5,16.714285714285715
322,Harbhajan Singh,2016,3,92,84,109.52380952380953,30.666666666666668
323,Harbhajan Singh,2017,2,16,16,100.0,8.0
324,Harbhajan Singh,2018,3,34,35,97.14285714285714,11.333333333333334
325,Harbhajan Singh,2019,1,1,3,33.33333333333333,1.0
326,IK Pathan,2008,6,131,115,113.91304347826087,21.833333333333332
327,IK Pathan,2009,10,196,158,124.0506329113924,19.6
328,IK Pathan,2010,8,276,186,148.38709677419354,34.5
329,IK Pathan,2011,7,150,137,109.48905109489051,21.428571428571427
330,IK Pathan,2012,7,176,126,139.68253968253967,25.142857142857142
331,IK Pathan,2013,8,142,151,94.03973509933775,17.75
332,IK Pathan,2014,2,55,54,101.85185185185186,27.5
333,IK Pathan,2016,3,11,13,84.61538461538461,3.6666666666666665
334,IK Pathan,2017,1,2,3,66.66666666666666,2.0
335,Ishan Kishan,2016,5,42,41,102.4390243902439,8.4
336,Ishan Kishan,2017,10,277,205,135.1219512195122,27.7
337,Ishan Kishan,2018,12,283,184,153.80434782608697,23.583333333333332
338,Ishan Kishan,2019,6,109,100,109.00000000000001,18.166666666666668
339,J Botha,2009,2,47,39,120.51282051282051,23.5
340,J Botha,2011,5,230,198,116.16161616161615,46.0
341,J Botha,2012,4,58,54,107.40740740740742,14.5
342,J Botha,2013,6,43,52,82.6923076923077,7.166666666666667
343,J Botha,2015,3,31,15,206.66666666666669,10.333333333333334
344,JA Morkel,2008,7,241,162,148.76543209876542,34.42857142857143
345,JA Morkel,2009,4,97,70,138.57142857142856,24.25
346,JA Morkel,2010,8,198,130,152.3076923076923,24.75
347,JA Morkel,2011,6,138,100,138.0,23.0
348,JA Morkel,2012,7,107,68,157.35294117647058,15.285714285714286
349,JA Morkel,2013,3,46,37,124.32432432432432,15.333333333333334
350,JA Morkel,2014,3,45,41,109.75609756097562,15.0
351,JA Morkel,2015,1,86,65,132.3076923076923,86.0
352,JA Morkel,2016,1,16,9,177.77777777777777,16.0
353,JC Buttler,2016,11,255,183,139.34426229508196,23.181818181818183
354,JC Buttler,2017,10,272,177,153.6723163841808,27.2
355,JC Buttler,2018,10,574,352,163.0681818181818,57.4
356,JC Buttler,2019,8,329,206,159.70873786407768,41.125
357,JD Ryder,2009,5,56,48,116.66666666666667,11.2
358,JD Ryder,2011,13,292,196,148.9795918367347,22.46153846153846
359,JD Ryder,2012,9,256,211,121.32701421800948,28.444444444444443
360,JH Kallis,2008,11,199,183,108.74316939890711,18.09090909090909
361,JH Kallis,2009,13,361,331,109.06344410876132,27.76923076923077
362,JH Kallis,2010,12,572,489,116.97341513292434,47.666666666666664
363,JH Kallis,2011,12,424,378,112.16931216931216,35.333333333333336
364,JH Kallis,2012,16,409,382,107.06806282722513,25.5625
365,JH Kallis,2013,15,311,322,96.58385093167702,20.733333333333334
366,JH Kallis,2014,6,151,128,117.96875,25.166666666666668
367,JP Duminy,2009,9,372,325,114.46153846153845,41.333333333333336
368,JP Duminy,2010,5,157,131,119.84732824427482,31.4
369,JP Duminy,2011,10,205,173,118.4971098265896,20.5
370,JP Duminy,2012,3,244,190,128.42105263157896,81.33333333333333
371,JP Duminy,2014,8,410,302,135.76158940397352,51.25
372,JP Duminy,2015,10,414,315,131.42857142857142,41.4
373,JP Duminy,2016,5,191,155,123.2258064516129,38.2
374,JP Duminy,2018,1,48,40,120.0,48.0
375,JP Faulkner,2012,1,14,13,107.6923076923077,14.0
376,JP Faulkner,2013,5,57,57,100.0,11.4
377,JP Faulkner,2014,4,181,93,194.6236559139785,45.25
378,JP Faulkner,2015,8,144,107,134.57943925233644,18.0
379,JP Faulkner,2016,3,77,58,132.75862068965517,25.666666666666668
380,JP Faulkner,2017,4,54,56,96.42857142857143,13.5
381,KA Pollard,2010,12,273,146,186.986301369863,22.75
382,KA Pollard,2011,10,146,132,110.6060606060606,14.6
383,KA Pollard,2012,9,220,158,139.24050632911394,24.444444444444443
384,KA Pollard,2013,10,420,278,151.0791366906475,42.0
385,KA Pollard,2014,8,273,202,135.14851485148515,34.125
386,KA Pollard,2015,11,419,255,164.31372549019608,38.09090909090909
387,KA Pollard,2016,8,208,144,144.44444444444443,26.0
388,KA Pollard,2017,13,385,276,139.4927536231884,29.615384615384617
389,KA Pollard,2018,7,138,99,139.3939393939394,19.714285714285715
390,KA Pollard,2019,8,292,176,165.9090909090909,36.5
391,KC Sangakkara,2008,9,320,197,162.43654822335026,35.55555555555556
392,KC Sangakkara,2009,11,332,322,103.1055900621118,30.181818181818183
393,KC Sangakkara,2010,12,357,256,139.453125,29.75
394,KC Sangakkara,2011,13,358,291,123.02405498281787,27.53846153846154
395,KC Sangakkara,2012,11,200,183,109.28961748633881,18.181818181818183
396,KC Sangakkara,2013,9,120,136,88.23529411764706,13.333333333333334
397,KD Karthik,2008,6,145,107,135.5140186915888,24.166666666666668
398,KD Karthik,2009,8,288,217,132.7188940092166,36.0
399,KD Karthik,2010,13,278,236,117.79661016949152,21.384615384615383
400,KD Karthik,2011,11,282,220,128.1818181818182,25.636363636363637
401,KD Karthik,2012,13,238,212,112.26415094339623,18.307692307692307
402,KD Karthik,2013,18,510,409,124.69437652811737,28.333333333333332
403,KD Karthik,2014,14,325,258,125.96899224806202,23.214285714285715
404,KD Karthik,2015,11,141,117,120.51282051282051,12.818181818181818
405,KD Karthik,2016,13,335,266,125.93984962406014,25.76923076923077
406,KD Karthik,2017,9,361,258,139.92248062015506,40.111111111111114
407,KD Karthik,2018,10,520,336,154.76190476190476,52.0
408,KD Karthik,2019,8,265,174,152.29885057471265,33.125
409,KH Pandya,2016,6,237,124,191.1290322580645,39.5
410,KH Pandya,2017,7,243,179,135.75418994413408,34.714285714285715
411,KH Pandya,2018,10,241,157,153.50318471337582,24.1
412,KH Pandya,2019,11,194,150,129.33333333333331,17.636363636363637
413,KK Nair,2013,2,9,12,75.0,4.5
414,KK Nair,2014,10,330,232,142.24137931034483,33.0
415,KK Nair,2015,11,181,145,124.82758620689656,16.454545454545453
416,KK Nair,2016,10,357,295,121.01694915254238,35.7
417,KK Nair,2017,13,281,226,124.33628318584071,21.615384615384617
418,KK Nair,2018,12,307,221,138.91402714932127,25.583333333333332
419,KK Nair,2019,1,5,6,83.33333333333334,5.0
420,KL Rahul,2013,2,20,16,125.0,10.0
421,KL Rahul,2014,8,166,164,101.21951219512195,20.75
422,KL Rahul,2015,5,142,124,114.51612903225808,28.4
423,KL Rahul,2016,9,397,271,146.49446494464945,44.111111111111114
424,KL Rahul,2018,12,678,415,163.3734939759036,56.5
425,KL Rahul,2019,11,610,437,139.58810068649885,55.45454545454545
426,KM Jadhav,2010,3,76,56,135.71428571428572,25.333333333333332
427,KM Jadhav,2011,3,18,23,78.26086956521739,6.0
428,KM Jadhav,2013,7,152,123,123.57723577235772,21.714285714285715
429,KM Jadhav,2014,4,149,99,150.5050505050505,37.25
430,KM Jadhav,2015,8,189,140,135.0,23.625
431,KM Jadhav,2017,12,267,183,145.9016393442623,22.25
432,KM Jadhav,2019,9,171,166,103.01204819277108,19.0
433,KP Pietersen,2009,6,93,84,110.71428571428572,15.5
434,KP Pietersen,2010,4,236,157,150.31847133757964,59.0
435,KP Pietersen,2012,5,305,207,147.34299516908214,61.0
436,KP Pietersen,2014,10,294,233,126.1802575107296,29.4
437,KP Pietersen,2016,3,73,61,119.67213114754098,24.333333333333332
438,KS Williamson,2015,1,31,27,114.81481481481481,31.0
439,KS Williamson,2016,6,124,122,101.63934426229508,20.666666666666668
440,KS Williamson,2017,6,256,168,152.38095238095238,42.666666666666664
441,KS Williamson,2018,14,747,515,145.04854368932038,53.357142857142854
442,KS Williamson,2019,7,161,129,124.8062015503876,23.0
443,KV Sharma,2009,1,1,3,33.33333333333333,1.0
444,KV Sharma,2013,4,85,86,98.83720930232558,21.25
445,KV Sharma,2014,4,42,29,144.82758620689654,10.5
446,KV Sharma,2015,6,104,85,122.3529411764706,17.333333333333332
447,KV Sharma,2017,6,49,41,119.51219512195121,8.166666666666666
448,LMP Simmons,2014,7,394,290,135.86206896551724,56.285714285714285
449,LMP Simmons,2015,12,540,438,123.28767123287672,45.0
450,LMP Simmons,2016,1,8,8,100.0,8.0
451,LMP Simmons,2017,7,137,112,122.32142857142858,19.571428571428573
452,LR Shukla,2008,8,163,122,133.60655737704917,20.375
453,LR Shukla,2009,5,83,85,97.6470588235294,16.6
454,LR Shukla,2010,2,36,26,138.46153846153845,18.0
455,LR Shukla,2011,1,14,10,140.0,14.0
456,LR Shukla,2012,6,75,57,131.57894736842107,12.5
457,LR Shukla,2013,2,3,12,25.0,1.5
458,LR Shukla,2014,3,31,38,81.57894736842105,10.333333333333334
459,LRPL Taylor,2008,4,149,81,183.9506172839506,37.25
460,LRPL Taylor,2009,9,280,206,135.92233009708738,31.11111111111111
461,LRPL Taylor,2010,4,88,75,117.33333333333333,22.0
462,LRPL Taylor,2011,5,181,150,120.66666666666667,36.2
463,LRPL Taylor,2012,10,197,171,115.2046783625731,19.7
464,LRPL Taylor,2013,5,63,76,82.89473684210526,12.6
465,LRPL Taylor,2014,3,59,59,100.0,19.666666666666668
466,M Kaif,2008,11,176,170,103.5294117647059,16.0
467,M Kaif,2010,3,28,30,93.33333333333333,9.333333333333334
468,M Kaif,2011,3,41,33,124.24242424242425,13.666666666666666
469,M Kaif,2012,1,14,16,87.5,14.0
470,M Manhas,2009,3,75,62,120.96774193548387,25.0
471,M Manhas,2010,4,157,149,105.36912751677852,39.25
472,M Manhas,2011,10,114,123,92.6829268292683,11.4
473,M Manhas,2012,4,120,96,125.0,30.0
474,M Manhas,2014,2,35,23,152.17391304347828,17.5
475,M Vijay,2009,4,60,67,89.55223880597015,15.0
476,M Vijay,2010,13,458,292,156.84931506849315,35.23076923076923
477,M Vijay,2011,16,434,339,128.023598820059,27.125
478,M Vijay,2012,13,336,265,126.79245283018868,25.846153846153847
479,M Vijay,2013,14,312,286,109.09090909090908,22.285714285714285
480,M Vijay,2014,11,207,192,107.8125,18.818181818181817
481,M Vijay,2015,11,251,228,110.08771929824562,22.818181818181817
482,M Vijay,2016,13,453,364,124.45054945054946,34.84615384615385
483,M Vijay,2018,1,14,10,140.0,14.0
484,M Vijay,2019,2,65,61,106.55737704918033,32.5
485,M Vohra,2013,8,161,117,137.60683760683762,20.125
486,M Vohra,2014,8,324,232,139.6551724137931,40.5
487,M Vohra,2015,7,82,81,101.23456790123457,11.714285714285714
488,M Vohra,2016,7,161,131,122.90076335877862,23.0
489,M Vohra,2017,9,229,159,144.0251572327044,25.444444444444443
490,M Vohra,2018,4,59,47,125.53191489361701,14.75
491,MA Agarwal,2011,7,141,117,120.51282051282051,20.142857142857142
492,MA Agarwal,2012,11,225,157,143.312101910828,20.454545454545453
493,MA Agarwal,2013,5,67,62,108.06451612903226,13.4
494,MA Agarwal,2014,8,115,91,126.37362637362637,14.375
495,MA Agarwal,2015,9,213,176,121.02272727272727,23.666666666666668
496,MA Agarwal,2016,3,27,25,108.0,9.0
497,MA Agarwal,2017,3,26,27,96.29629629629629,8.666666666666666
498,MA Agarwal,2018,10,120,94,127.65957446808511,12.0
499,MA Agarwal,2019,13,342,234,146.15384615384613,26.307692307692307
500,MC Henriques,2009,2,38,40,95.0,19.0
501,MC Henriques,2010,1,11,5,220.00000000000003,11.0
502,MC Henriques,2013,4,165,124,133.06451612903226,41.25
503,MC Henriques,2014,2,9,14,64.28571428571429,4.5
504,MC Henriques,2015,7,287,210,136.66666666666666,41.0
505,MC Henriques,2016,12,182,157,115.92356687898089,15.166666666666666
506,MC Henriques,2017,6,277,203,136.45320197044336,46.166666666666664
507,MEK Hussey,2008,2,168,100,168.0,84.0
508,MEK Hussey,2010,2,37,44,84.0909090909091,18.5
509,MEK Hussey,2011,12,492,413,119.12832929782083,41.0
510,MEK Hussey,2012,8,261,236,110.59322033898304,32.625
511,MEK Hussey,2013,14,733,565,129.73451327433628,52.357142857142854
512,MEK Hussey,2014,9,209,182,114.83516483516483,23.22222222222222
513,MEK Hussey,2015,4,77,70,110.00000000000001,19.25
514,MG Johnson,2013,4,39,36,108.33333333333333,9.75
515,MG Johnson,2014,3,56,50,112.00000000000001,18.666666666666668
516,MG Johnson,2015,4,31,36,86.11111111111111,7.75
517,MG Johnson,2016,2,5,14,35.714285714285715,2.5
518,MK Pandey,2008,2,3,9,33.33333333333333,1.5
519,MK Pandey,2009,2,168,117,143.5897435897436,84.0
520,MK Pandey,2010,12,249,225,110.66666666666667,20.75
521,MK Pandey,2011,9,246,227,108.37004405286343,27.333333333333332
522,MK Pandey,2012,7,143,110,130.0,20.428571428571427
523,MK Pandey,2013,6,136,137,99.27007299270073,22.666666666666668
524,MK Pandey,2014,13,401,340,117.94117647058823,30.846153846153847
525,MK Pandey,2015,11,225,184,122.28260869565217,20.454545454545453
526,MK Pandey,2016,8,248,183,135.5191256830601,31.0
527,MK Pandey,2017,8,396,306,129.41176470588235,49.5
528,MK Pandey,2018,11,299,246,121.54471544715446,27.181818181818183
529,MK Pandey,2019,8,350,263,133.07984790874525,43.75
530,MK Tiwary,2008,4,104,85,122.3529411764706,26.0
531,MK Tiwary,2009,1,9,13,69.23076923076923,9.0
532,MK Tiwary,2010,9,237,185,128.1081081081081,26.333333333333332
533,MK Tiwary,2011,7,359,322,111.49068322981365,51.285714285714285
534,MK Tiwary,2012,10,260,246,105.6910569105691,26.0
535,MK Tiwary,2013,8,146,140,104.28571428571429,18.25
536,MK Tiwary,2014,5,152,118,128.81355932203388,30.4
537,MK Tiwary,2015,2,57,56,101.78571428571428,28.5
538,MK Tiwary,2017,10,324,235,137.87234042553192,32.4
539,MK Tiwary,2018,3,49,44,111.36363636363636,16.333333333333332
540,ML Hayden,2008,3,189,127,148.8188976377953,63.0
541,ML Hayden,2009,11,572,393,145.5470737913486,52.0
542,ML Hayden,2010,16,346,278,124.46043165467626,21.625
543,MM Sharma,2013,1,0,5,0.0,0.0
544,MM Sharma,2015,2,28,18,155.55555555555557,14.0
545,MM Sharma,2016,4,32,26,123.07692307692308,8.0
546,MM Sharma,2017,6,51,50,102.0,8.5
547,MM Sharma,2018,1,12,13,92.3076923076923,12.0
548,MP Stoinis,2016,4,146,108,135.1851851851852,36.5
549,MP Stoinis,2017,3,17,24,70.83333333333334,5.666666666666667
550,MP Stoinis,2018,4,103,75,137.33333333333334,25.75
551,MP Stoinis,2019,4,216,156,138.46153846153845,54.0
552,MS Bisla,2010,10,218,177,123.1638418079096,21.8
553,MS Bisla,2011,5,72,89,80.89887640449437,14.4
554,MS Bisla,2012,7,213,160,133.125,30.428571428571427
555,MS Bisla,2013,13,255,235,108.51063829787233,19.615384615384617
556,MS Bisla,2014,1,3,9,33.33333333333333,3.0
557,MS Bisla,2015,2,37,30,123.33333333333334,18.5
558,MS Dhoni,2008,10,414,310,133.54838709677418,41.4
559,MS Dhoni,2009,8,332,261,127.20306513409963,41.5
560,MS Dhoni,2010,9,287,210,136.66666666666666,31.88888888888889
561,MS Dhoni,2011,9,392,245,160.0,43.55555555555556
562,MS Dhoni,2012,12,357,275,129.8181818181818,29.75
563,MS Dhoni,2013,11,461,280,164.64285714285714,41.90909090909091
564,MS Dhoni,2014,5,371,247,150.20242914979758,74.2
565,MS Dhoni,2015,12,372,305,121.96721311475409,31.0
566,MS Dhoni,2016,7,284,210,135.23809523809524,40.57142857142857
567,MS Dhoni,2017,11,290,250,115.99999999999999,26.363636363636363
568,MS Dhoni,2018,6,481,301,159.80066445182723,80.16666666666667
569,MS Dhoni,2019,5,436,305,142.95081967213116,87.2
570,MV Boucher,2008,7,225,177,127.11864406779661,32.142857142857146
571,MV Boucher,2009,5,150,114,131.57894736842107,30.0
572,MV Boucher,2010,1,13,10,130.0,13.0
573,MV Boucher,2011,1,6,6,100.0,6.0
574,Mandeep Singh,2010,2,4,11,36.36363636363637,2.0
575,Mandeep Singh,2011,4,47,41,114.6341463414634,11.75
576,Mandeep Singh,2012,16,432,341,126.68621700879766,27.0
577,Mandeep Singh,2013,13,260,223,116.59192825112108,20.0
578,Mandeep Singh,2014,3,24,25,96.0,8.0
579,Mandeep Singh,2015,7,157,100,157.0,22.428571428571427
580,Mandeep Singh,2017,10,188,177,106.21468926553672,18.8
581,Mandeep Singh,2018,9,267,187,142.7807486631016,29.666666666666668
582,Mandeep Singh,2019,4,168,121,138.84297520661158,42.0
583,N Rana,2016,3,104,74,140.54054054054055,34.666666666666664
584,N Rana,2017,11,333,263,126.61596958174906,30.272727272727273
585,N Rana,2018,14,312,232,134.48275862068965,22.285714285714285
586,N Rana,2019,10,355,237,149.78902953586498,35.5
587,NLTC Perera,2011,2,23,27,85.18518518518519,11.5
588,NLTC Perera,2012,1,4,9,44.44444444444444,4.0
589,NLTC Perera,2013,10,233,162,143.82716049382717,23.3
590,NLTC Perera,2015,2,12,15,80.0,6.0
591,NLTC Perera,2016,7,150,92,163.04347826086956,21.428571428571427
592,NV Ojha,2009,7,168,144,116.66666666666667,24.0
593,NV Ojha,2010,11,377,283,133.2155477031802,34.27272727272727
594,NV Ojha,2011,13,160,161,99.37888198757764,12.307692307692308
595,NV Ojha,2012,11,255,223,114.34977578475336,23.181818181818183
596,NV Ojha,2013,1,9,10,90.0,9.0
597,NV Ojha,2014,6,232,160,145.0,38.666666666666664
598,NV Ojha,2015,10,137,120,114.16666666666666,13.7
599,NV Ojha,2016,9,136,138,98.55072463768117,15.11111111111111
600,NV Ojha,2017,4,79,65,121.53846153846153,19.75
601,NV Ojha,2018,1,2,4,50.0,2.0
602,OA Shah,2010,2,115,95,121.05263157894737,57.5
603,OA Shah,2011,2,26,15,173.33333333333334,13.0
604,OA Shah,2012,8,340,255,133.33333333333331,42.5
605,OA Shah,2013,2,25,23,108.69565217391303,12.5
606,P Kumar,2008,9,112,98,114.28571428571428,12.444444444444445
607,P Kumar,2009,5,65,46,141.30434782608697,13.0
608,P Kumar,2010,2,4,8,50.0,2.0
609,P Kumar,2011,3,27,31,87.09677419354838,9.0
610,P Kumar,2012,3,35,29,120.6896551724138,11.666666666666666
611,P Kumar,2013,5,47,38,123.6842105263158,9.4
612,P Kumar,2014,1,1,2,50.0,1.0
613,P Kumar,2015,3,17,25,68.0,5.666666666666667
614,P Kumar,2016,4,24,26,92.3076923076923,6.0
615,P Kumar,2017,1,8,9,88.88888888888889,8.0
616,P Negi,2012,2,36,29,124.13793103448276,18.0
617,P Negi,2015,8,116,72,161.11111111111111,14.5
618,P Negi,2016,2,57,59,96.61016949152543,28.5
619,P Negi,2017,8,144,111,129.72972972972974,18.0
620,P Negi,2018,1,3,5,60.0,3.0
621,P Negi,2019,4,10,12,83.33333333333334,2.5
622,P Shaw,2018,9,250,160,156.25,27.77777777777778
623,P Shaw,2019,16,366,263,139.1634980988593,22.875
624,PA Patel,2008,11,302,295,102.37288135593221,27.454545454545453
625,PA Patel,2009,9,142,126,112.6984126984127,15.777777777777779
626,PA Patel,2010,4,72,79,91.13924050632912,18.0
627,PA Patel,2011,10,202,182,110.98901098901099,20.2
628,PA Patel,2012,11,194,164,118.29268292682926,17.636363636363637
629,PA Patel,2013,13,294,255,115.29411764705881,22.615384615384617
630,PA Patel,2014,10,205,185,110.8108108108108,20.5
631,PA Patel,2015,13,339,246,137.80487804878047,26.076923076923077
632,PA Patel,2016,10,177,151,117.21854304635761,17.7
633,PA Patel,2017,16,395,293,134.8122866894198,24.6875
634,PA Patel,2018,5,160,109,146.78899082568807,32.0
635,PA Patel,2019,14,392,267,146.81647940074907,28.0
636,PC Valthaty,2009,2,6,12,50.0,3.0
637,PC Valthaty,2011,13,463,334,138.622754491018,35.61538461538461
638,PC Valthaty,2012,6,30,51,58.82352941176471,5.0
639,PC Valthaty,2013,1,6,17,35.294117647058826,6.0
640,PP Chawla,2008,4,90,58,155.17241379310346,22.5
641,PP Chawla,2009,4,31,36,86.11111111111111,7.75
642,PP Chawla,2010,5,62,59,105.08474576271188,12.4
643,PP Chawla,2011,3,48,55,87.27272727272727,16.0
644,PP Chawla,2012,8,106,88,120.45454545454545,13.25
645,PP Chawla,2013,6,64,57,112.28070175438596,10.666666666666666
646,PP Chawla,2014,3,31,19,163.1578947368421,10.333333333333334
647,PP Chawla,2015,4,54,47,114.89361702127661,13.5
648,PP Chawla,2016,3,27,26,103.84615384615385,9.0
649,PP Chawla,2017,1,2,6,33.33333333333333,2.0
650,PP Chawla,2018,4,29,34,85.29411764705883,7.25
651,PP Chawla,2019,3,43,37,116.21621621621621,14.333333333333334
652,Q de Kock,2013,3,6,15,40.0,2.0
653,Q de Kock,2014,7,153,130,117.6923076923077,21.857142857142858
654,Q de Kock,2015,3,122,77,158.44155844155844,40.666666666666664
655,Q de Kock,2016,12,445,326,136.50306748466255,37.083333333333336
656,Q de Kock,2018,8,208,162,128.39506172839506,26.0
657,Q de Kock,2019,15,555,398,139.44723618090453,37.0
658,R Ashwin,2009,1,8,15,53.333333333333336,8.0
659,R Ashwin,2010,4,30,40,75.0,7.5
660,R Ashwin,2011,2,2,6,33.33333333333333,1.0
661,R Ashwin,2012,3,18,15,120.0,6.0
662,R Ashwin,2013,4,35,49,71.42857142857143,8.75
663,R Ashwin,2014,3,45,45,100.0,15.0
664,R Ashwin,2015,3,52,32,162.5,17.333333333333332
665,R Ashwin,2016,2,41,38,107.89473684210526,20.5
666,R Ashwin,2018,8,108,71,152.11267605633802,13.5
667,R Ashwin,2019,5,43,28,153.57142857142858,8.6
668,R Bhatia,2008,2,34,28,121.42857142857142,17.0
669,R Bhatia,2009,5,8,18,44.44444444444444,1.6
670,R Bhatia,2010,3,24,17,141.1764705882353,8.0
671,R Bhatia,2011,3,25,22,113.63636363636364,8.333333333333334
672,R Bhatia,2012,3,35,28,125.0,11.666666666666666
673,R Bhatia,2013,6,99,80,123.75,16.5
674,R Bhatia,2014,5,67,53,126.41509433962264,13.4
675,R Bhatia,2015,1,0,1,0.0,0.0
676,R Bhatia,2016,1,34,20,170.0,34.0
677,R Bhatia,2017,1,16,17,94.11764705882352,16.0
678,R Dravid,2008,13,371,297,124.91582491582491,28.53846153846154
679,R Dravid,2009,12,271,234,115.81196581196582,22.583333333333332
680,R Dravid,2010,9,256,199,128.643216080402,28.444444444444443
681,R Dravid,2011,11,343,312,109.93589743589745,31.181818181818183
682,R Dravid,2012,15,462,412,112.13592233009709,30.8
683,R Dravid,2013,16,471,424,111.08490566037736,29.4375
684,R Sathish,2010,7,112,96,116.66666666666667,16.0
685,R Sathish,2011,2,25,34,73.52941176470588,12.5
686,R Sathish,2013,5,109,76,143.42105263157893,21.8
687,R Sathish,2016,3,24,24,100.0,8.0
688,R Vinay Kumar,2008,3,25,22,113.63636363636364,8.333333333333334
689,R Vinay Kumar,2009,4,47,44,106.81818181818181,11.75
690,R Vinay Kumar,2010,4,27,32,84.375,6.75
691,R Vinay Kumar,2011,5,50,47,106.38297872340425,10.0
692,R Vinay Kumar,2012,5,68,62,109.6774193548387,13.6
693,R Vinay Kumar,2013,1,70,44,159.0909090909091,70.0
694,R Vinay Kumar,2014,2,4,6,66.66666666666666,2.0
695,R Vinay Kumar,2015,1,0,2,0.0,0.0
696,R Vinay Kumar,2016,1,13,12,108.33333333333333,13.0
697,RA Jadeja,2008,7,135,100,135.0,19.285714285714285
698,RA Jadeja,2009,11,295,265,111.32075471698113,26.818181818181817
699,RA Jadeja,2011,9,283,227,124.66960352422906,31.444444444444443
700,RA Jadeja,2012,12,191,151,126.49006622516556,15.916666666666666
701,RA Jadeja,2013,8,201,134,150.0,25.125
702,RA Jadeja,2014,5,146,109,133.94495412844037,29.2
703,RA Jadeja,2015,7,132,126,104.76190476190477,18.857142857142858
704,RA Jadeja,2016,9,191,175,109.14285714285714,21.22222222222222
705,RA Jadeja,2017,4,158,113,139.8230088495575,39.5
706,RA Jadeja,2018,5,100,74,135.13513513513513,20.0
707,RA Jadeja,2019,3,119,87,136.7816091954023,39.666666666666664
708,RA Tripathi,2017,14,391,267,146.44194756554307,27.928571428571427
709,RA Tripathi,2018,9,233,167,139.52095808383234,25.88888888888889
710,RA Tripathi,2019,6,147,117,125.64102564102564,24.5
711,RG Sharma,2008,11,404,270,149.62962962962962,36.72727272727273
712,RG Sharma,2009,13,362,313,115.6549520766773,27.846153846153847
713,RG Sharma,2010,14,404,300,134.66666666666666,28.857142857142858
714,RG Sharma,2011,11,372,297,125.25252525252526,33.81818181818182
715,RG Sharma,2012,14,433,341,126.97947214076247,30.928571428571427
716,RG Sharma,2013,14,538,408,131.86274509803923,38.42857142857143
717,RG Sharma,2014,13,390,302,129.13907284768212,30.0
718,RG Sharma,2015,14,482,333,144.74474474474474,34.42857142857143
719,RG Sharma,2016,11,489,366,133.60655737704917,44.45454545454545
720,RG Sharma,2017,14,333,273,121.97802197802199,23.785714285714285
721,RG Sharma,2018,12,297,214,138.78504672897196,24.75
722,RG Sharma,2019,14,410,314,130.5732484076433,29.285714285714285
723,RJ Harris,2009,1,21,18,116.66666666666667,21.0
724,RJ Harris,2010,4,45,39,115.38461538461537,11.25
725,RJ Harris,2011,5,31,38,81.57894736842105,6.2
726,RJ Harris,2012,1,18,11,163.63636363636365,18.0
727,RJ Harris,2013,1,2,5,40.0,2.0
728,RN ten Doeschate,2011,2,107,73,146.57534246575344,53.5
729,RN ten Doeschate,2012,2,21,21,100.0,10.5
730,RN ten Doeschate,2013,3,85,63,134.92063492063494,28.333333333333332
731,RN ten Doeschate,2014,4,52,33,157.57575757575756,13.0
732,RN ten Doeschate,2015,3,61,45,135.55555555555557,20.333333333333332
733,RP Singh,2008,4,27,24,112.5,6.75
734,RP Singh,2009,4,8,17,47.05882352941176,2.0
735,RP Singh,2010,2,9,19,47.368421052631575,4.5
736,RP Singh,2011,2,2,4,50.0,1.0
737,RP Singh,2012,2,6,12,50.0,3.0
738,RR Pant,2016,8,198,152,130.26315789473685,24.75
739,RR Pant,2017,14,366,220,166.36363636363635,26.142857142857142
740,RR Pant,2018,13,717,394,181.97969543147207,55.15384615384615
741,RR Pant,2019,13,511,302,169.20529801324506,39.30769230769231
742,RS Bopara,2009,5,138,119,115.96638655462186,27.6
743,RS Bopara,2010,8,248,214,115.88785046728971,31.0
744,RS Bopara,2015,5,145,120,120.83333333333333,29.0
745,RV Uthappa,2008,9,320,274,116.7883211678832,35.55555555555556
746,RV Uthappa,2009,11,175,170,102.94117647058823,15.909090909090908
747,RV Uthappa,2010,12,374,218,171.55963302752292,31.166666666666668
748,RV Uthappa,2011,10,264,205,128.78048780487805,26.4
749,RV Uthappa,2012,15,405,342,118.42105263157893,27.0
750,RV Uthappa,2013,15,434,368,117.93478260869566,28.933333333333334
751,RV Uthappa,2014,15,660,478,138.0753138075314,44.0
752,RV Uthappa,2015,12,364,277,131.40794223826714,30.333333333333332
753,RV Uthappa,2016,15,394,288,136.80555555555557,26.266666666666666
754,RV Uthappa,2017,13,388,235,165.1063829787234,29.846153846153847
755,RV Uthappa,2018,16,366,264,138.63636363636365,22.875
756,RV Uthappa,2019,9,302,249,121.285140562249,33.55555555555556
757,S Badrinath,2008,6,192,130,147.6923076923077,32.0
758,S Badrinath,2009,9,177,164,107.92682926829269,19.666666666666668
759,S Badrinath,2010,11,356,301,118.27242524916943,32.36363636363637
760,S Badrinath,2011,7,396,312,126.92307692307692,56.57142857142857
761,S Badrinath,2012,7,196,181,108.28729281767954,28.0
762,S Badrinath,2013,7,124,120,103.33333333333334,17.714285714285715
763,S Dhawan,2008,9,340,295,115.2542372881356,37.77777777777778
764,S Dhawan,2009,4,40,45,88.88888888888889,10.0
765,S Dhawan,2010,10,191,169,113.01775147928994,19.1
766,S Dhawan,2011,12,400,309,129.44983818770226,33.333333333333336
767,S Dhawan,2012,14,569,438,129.90867579908675,40.642857142857146
768,S Dhawan,2013,8,311,253,122.92490118577075,38.875
769,S Dhawan,2014,13,377,317,118.92744479495268,29.0
770,S Dhawan,2015,13,353,285,123.85964912280703,27.153846153846153
771,S Dhawan,2016,13,501,427,117.33021077283372,38.53846153846154
772,S Dhawan,2017,13,479,375,127.73333333333335,36.84615384615385
773,S Dhawan,2018,14,529,362,146.13259668508286,37.785714285714285
774,S Dhawan,2019,14,542,384,141.14583333333331,38.714285714285715
775,S Gill,2018,6,211,139,151.79856115107916,35.166666666666664
776,S Gill,2019,9,306,237,129.1139240506329,34.0
777,SA Yadav,2012,1,0,4,0.0,0.0
778,SA Yadav,2014,5,164,114,143.859649122807,32.8
779,SA Yadav,2015,9,157,113,138.93805309734512,17.444444444444443
780,SA Yadav,2016,7,182,141,129.07801418439718,26.0
781,SA Yadav,2017,6,105,88,119.31818181818181,17.5
782,SC Ganguly,2008,12,349,305,114.42622950819671,29.083333333333332
783,SC Ganguly,2009,11,189,205,92.19512195121952,17.181818181818183
784,SC Ganguly,2010,13,493,418,117.94258373205741,37.92307692307692
785,SC Ganguly,2011,2,50,58,86.20689655172413,25.0
786,SC Ganguly,2012,15,268,271,98.8929889298893,17.866666666666667
787,SE Marsh,2008,9,616,440,140.0,68.44444444444444
788,SE Marsh,2010,3,147,114,128.94736842105263,49.0
789,SE Marsh,2011,12,504,343,146.9387755102041,42.0
790,SE Marsh,2012,11,336,280,120.0,30.545454545454547
791,SE Marsh,2013,8,300,249,120.48192771084338,37.5
792,SE Marsh,2014,2,70,52,134.6153846153846,35.0
793,SE Marsh,2015,4,81,58,139.6551724137931,20.25
794,SE Marsh,2016,5,159,134,118.65671641791045,31.8
795,SE Marsh,2017,8,264,192,137.5,33.0
796,SK Raina,2008,11,421,294,143.1972789115646,38.27272727272727
797,SK Raina,2009,14,434,306,141.83006535947712,31.0
798,SK Raina,2010,11,520,361,144.0443213296399,47.27272727272727
799,SK Raina,2011,14,438,323,135.60371517027863,31.285714285714285
800,SK Raina,2012,17,441,324,136.11111111111111,25.941176470588236
801,SK Raina,2013,13,548,364,150.54945054945054,42.15384615384615
802,SK Raina,2014,13,523,357,146.4985994397759,40.23076923076923
803,SK Raina,2015,15,374,303,123.43234323432344,24.933333333333334
804,SK Raina,2016,14,399,312,127.88461538461537,28.5
805,SK Raina,2017,11,442,304,145.39473684210526,40.18181818181818
806,SK Raina,2018,12,466,335,139.1044776119403,38.833333333333336
807,SK Raina,2019,16,401,312,128.52564102564102,25.0625
808,SK Warne,2008,5,70,58,120.6896551724138,14.0
809,SK Warne,2009,8,108,116,93.10344827586206,13.5
810,SK Warne,2010,3,10,19,52.63157894736842,3.3333333333333335
811,SK Warne,2011,2,10,20,50.0,5.0
812,SN Khan,2015,4,111,70,158.57142857142856,27.75
813,SN Khan,2016,2,66,31,212.9032258064516,33.0
814,SN Khan,2018,5,55,41,134.14634146341464,11.0
815,SN Khan,2019,4,184,141,130.49645390070924,46.0
816,SP Narine,2012,1,9,7,128.57142857142858,9.0
817,SP Narine,2013,3,21,19,110.5263157894737,7.0
818,SP Narine,2014,2,10,14,71.42857142857143,5.0
819,SP Narine,2016,1,7,13,53.84615384615385,7.0
820,SP Narine,2017,13,224,130,172.30769230769232,17.23076923076923
821,SP Narine,2018,16,373,188,198.40425531914894,23.3125
822,SP Narine,2019,8,159,85,187.05882352941177,19.875
823,SPD Smith,2012,9,362,262,138.1679389312977,40.22222222222222
824,SPD Smith,2013,4,159,132,120.45454545454545,39.75
825,SPD Smith,2014,4,147,109,134.8623853211009,36.75
826,SPD Smith,2015,11,293,219,133.78995433789956,26.636363636363637
827,SPD Smith,2016,6,270,175,154.2857142857143,45.0
828,SPD Smith,2017,12,472,387,121.9638242894057,39.333333333333336
829,SPD Smith,2019,8,334,273,122.34432234432235,41.75
830,SR Tendulkar,2008,6,188,177,106.21468926553672,31.333333333333332
831,SR Tendulkar,2009,11,364,299,121.73913043478262,33.09090909090909
832,SR Tendulkar,2010,13,618,463,133.47732181425488,47.53846153846154
833,SR Tendulkar,2011,13,553,488,113.31967213114753,42.53846153846154
834,SR Tendulkar,2012,12,324,283,114.48763250883391,27.0
835,SR Tendulkar,2013,14,287,231,124.24242424242425,20.5
836,SR Watson,2008,9,472,307,153.7459283387622,52.44444444444444
837,SR Watson,2010,5,185,113,163.71681415929206,37.0
838,SR Watson,2011,10,330,252,130.95238095238096,33.0
839,SR Watson,2012,6,255,168,151.78571428571428,42.5
840,SR Watson,2013,14,543,378,143.65079365079364,38.785714285714285
841,SR Watson,2014,12,240,195,123.07692307692308,20.0
842,SR Watson,2015,8,347,256,135.546875,43.375
843,SR Watson,2016,13,179,134,133.5820895522388,13.76923076923077
844,SR Watson,2017,6,71,78,91.02564102564102,11.833333333333334
845,SR Watson,2018,14,569,358,158.9385474860335,40.642857142857146
846,SR Watson,2019,16,417,313,133.22683706070288,26.0625
847,SS Iyer,2015,13,439,342,128.36257309941521,33.76923076923077
848,SS Iyer,2016,6,30,43,69.76744186046511,5.0
849,SS Iyer,2017,10,338,242,139.6694214876033,33.8
850,SS Iyer,2018,11,423,309,136.89320388349515,38.45454545454545
851,SS Iyer,2019,15,484,385,125.71428571428571,32.266666666666666
852,SS Tiwary,2008,2,26,20,130.0,13.0
853,SS Tiwary,2009,1,13,12,108.33333333333333,13.0
854,SS Tiwary,2010,14,419,307,136.48208469055373,29.928571428571427
855,SS Tiwary,2011,8,187,186,100.53763440860214,23.375
856,SS Tiwary,2012,8,191,167,114.37125748502994,23.875
857,SS Tiwary,2013,4,109,106,102.8301886792453,27.25
858,SS Tiwary,2016,7,170,139,122.3021582733813,24.285714285714285
859,SS Tiwary,2017,1,52,43,120.93023255813952,52.0
860,ST Jayasuriya,2008,12,514,308,166.88311688311688,42.833333333333336
861,ST Jayasuriya,2009,12,221,190,116.31578947368422,18.416666666666668
862,ST Jayasuriya,2010,4,33,31,106.4516129032258,8.25
863,STR Binny,2010,1,8,5,160.0,8.0
864,STR Binny,2011,1,37,31,119.35483870967742,37.0
865,STR Binny,2012,4,90,67,134.32835820895522,22.5
866,STR Binny,2013,9,293,199,147.23618090452263,32.55555555555556
867,STR Binny,2014,10,123,121,101.65289256198346,12.3
868,STR Binny,2015,4,74,65,113.84615384615384,18.5
869,STR Binny,2016,4,63,39,161.53846153846155,15.75
870,STR Binny,2017,5,78,76,102.63157894736842,15.6
871,STR Binny,2018,5,44,39,112.82051282051282,8.8
872,STR Binny,2019,3,72,40,180.0,24.0
873,SV Samson,2013,8,206,178,115.73033707865167,25.75
874,SV Samson,2014,13,339,273,124.17582417582418,26.076923076923077
875,SV Samson,2015,10,204,162,125.92592592592592,20.4
876,SV Samson,2016,11,291,258,112.79069767441861,26.454545454545453
877,SV Samson,2017,14,386,273,141.3919413919414,27.571428571428573
878,SV Samson,2018,14,451,319,141.3793103448276,32.214285714285715
879,SV Samson,2019,10,358,229,156.33187772925766,35.8
880,Shakib Al Hasan,2011,2,29,22,131.8181818181818,14.5
881,Shakib Al Hasan,2012,6,91,73,124.65753424657535,15.166666666666666
882,Shakib Al Hasan,2014,7,227,151,150.33112582781456,32.42857142857143
883,Shakib Al Hasan,2015,3,36,27,133.33333333333331,12.0
884,Shakib Al Hasan,2016,5,114,106,107.54716981132076,22.8
885,Shakib Al Hasan,2018,11,249,195,127.69230769230768,22.636363636363637
886,Shakib Al Hasan,2019,1,10,10,100.0,10.0
887,TL Suman,2009,10,237,190,124.73684210526316,23.7
888,TL Suman,2010,8,307,255,120.3921568627451,38.375
889,TL Suman,2011,6,65,51,127.45098039215685,10.833333333333334
890,TL Suman,2012,2,15,19,78.94736842105263,7.5
891,TL Suman,2013,5,52,58,89.65517241379311,10.4
892,TM Dilshan,2008,6,104,78,133.33333333333331,17.333333333333332
893,TM Dilshan,2009,10,418,339,123.3038348082596,41.8
894,TM Dilshan,2010,6,44,53,83.01886792452831,7.333333333333333
895,TM Dilshan,2011,8,226,180,125.55555555555556,28.25
896,TM Dilshan,2012,8,285,259,110.03861003861005,35.625
897,TM Dilshan,2013,5,76,92,82.6086956521739,15.2
898,UT Yadav,2011,1,1,5,20.0,1.0
899,UT Yadav,2012,2,2,7,28.57142857142857,1.0
900,UT Yadav,2013,1,38,38,100.0,38.0
901,UT Yadav,2014,1,2,4,50.0,2.0
902,UT Yadav,2015,1,29,14,207.14285714285717,29.0
903,UT Yadav,2016,1,9,5,180.0,9.0
904,UT Yadav,2018,4,5,11,45.45454545454545,1.25
905,UT Yadav,2019,2,28,25,112.00000000000001,14.0
906,V Kohli,2008,11,165,157,105.09554140127389,15.0
907,V Kohli,2009,11,246,219,112.32876712328768,22.363636363636363
908,V Kohli,2010,11,307,211,145.49763033175356,27.90909090909091
909,V Kohli,2011,12,557,459,121.35076252723312,46.416666666666664
910,V Kohli,2012,13,364,325,112.00000000000001,28.0
911,V Kohli,2013,14,634,452,140.26548672566372,45.285714285714285
912,V Kohli,2014,13,359,294,122.10884353741496,27.615384615384617
913,V Kohli,2015,11,505,386,130.82901554404145,45.90909090909091
914,V Kohli,2016,12,973,637,152.74725274725273,81.08333333333333
915,V Kohli,2017,10,308,252,122.22222222222223,30.8
916,V Kohli,2018,11,539,379,142.21635883905012,49.0
917,V Kohli,2019,14,472,327,144.34250764525993,33.714285714285715
918,V Sehwag,2008,12,406,216,187.96296296296296,33.833333333333336
919,V Sehwag,2009,10,198,134,147.76119402985074,19.8
920,V Sehwag,2010,14,356,217,164.0552995391705,25.428571428571427
921,V Sehwag,2011,10,424,239,177.40585774058576,42.4
922,V Sehwag,2012,15,495,307,161.23778501628664,33.0
923,V Sehwag,2013,12,295,229,128.82096069868996,24.583333333333332
924,V Sehwag,2014,17,455,314,144.9044585987261,26.764705882352942
925,V Sehwag,2015,8,99,84,117.85714285714286,12.375
926,V Shankar,2017,2,101,75,134.66666666666666,50.5
927,V Shankar,2018,4,223,147,151.70068027210883,55.75
928,V Shankar,2019,12,250,193,129.5336787564767,20.833333333333332
929,WP Saha,2008,5,159,119,133.61344537815125,31.8
930,WP Saha,2009,3,72,41,175.609756097561,24.0
931,WP Saha,2010,3,67,53,126.41509433962264,22.333333333333332
932,WP Saha,2011,1,68,63,107.93650793650794,68.0
933,WP Saha,2012,1,6,14,42.857142857142854,6.0
934,WP Saha,2013,3,70,56,125.0,23.333333333333332
935,WP Saha,2014,11,362,249,145.38152610441767,32.90909090909091
936,WP Saha,2015,13,249,197,126.3959390862944,19.153846153846153
937,WP Saha,2016,11,270,212,127.35849056603774,24.545454545454547
938,WP Saha,2017,10,234,186,125.80645161290323,23.4
939,WP Saha,2018,8,130,102,127.45098039215685,16.25
940,WP Saha,2019,5,93,53,175.47169811320757,18.6
941,Y Venugopal Rao,2008,8,288,207,139.1304347826087,36.0
942,Y Venugopal Rao,2009,11,124,114,108.77192982456141,11.272727272727273
943,Y Venugopal Rao,2010,4,34,43,79.06976744186046,8.5
944,Y Venugopal Rao,2011,12,336,279,120.43010752688173,28.0
945,Y Venugopal Rao,2012,6,132,126,104.76190476190477,22.0
946,Y Venugopal Rao,2014,3,71,63,112.6984126984127,23.666666666666668
947,YK Pathan,2008,14,435,239,182.0083682008368,31.071428571428573
948,YK Pathan,2009,12,243,183,132.78688524590163,20.25
949,YK Pathan,2010,10,333,200,166.5,33.3
950,YK Pathan,2011,10,283,200,141.5,28.3
951,YK Pathan,2012,10,194,166,116.86746987951808,19.4
952,YK Pathan,2013,11,332,239,138.9121338912134,30.181818181818183
953,YK Pathan,2014,9,268,165,162.42424242424244,29.77777777777778
954,YK Pathan,2015,7,312,229,136.24454148471617,44.57142857142857
955,YK Pathan,2016,5,361,248,145.56451612903226,72.2
956,YK Pathan,2017,8,143,115,124.34782608695652,17.875
957,YK Pathan,2018,9,276,200,138.0,30.666666666666668
958,YK Pathan,2019,3,43,45,95.55555555555556,14.333333333333334
959,Yuvraj Singh,2008,13,299,184,162.5,23.0
960,Yuvraj Singh,2009,12,340,294,115.64625850340136,28.333333333333332
961,Yuvraj Singh,2010,12,255,198,128.78787878787878,21.25
962,Yuvraj Singh,2011,10,343,261,131.4176245210728,34.3
963,Yuvraj Singh,2013,12,238,190,125.26315789473684,19.833333333333332
964,Yuvraj Singh,2014,10,376,274,137.22627737226279,37.6
965,Yuvraj Singh,2015,13,248,209,118.6602870813397,19.076923076923077
966,Yuvraj Singh,2016,9,236,179,131.84357541899442,26.22222222222222
967,Yuvraj Singh,2017,9,252,176,143.1818181818182,28.0
968,Yuvraj Singh,2018,6,66,73,90.41095890410958,11.0
969,Yuvraj Singh,2019,4,108,75,144.0,27.0
970,Z Khan,2008,4,34,42,80.95238095238095,8.5
971,Z Khan,2009,1,8,11,72.72727272727273,8.0
972,Z Khan,2010,1,24,13,184.6153846153846,24.0
973,Z Khan,2011,2,21,24,87.5,10.5
974,Z Khan,2012,2,12,17,70.58823529411765,6.0
975,Z Khan,2014,1,8,7,114.28571428571428,8.0
976,Z Khan,2016,2,6,13,46.15384615384615,3.0
977,Z Khan,2017,1,4,13,30.76923076923077,4.0
